{
    "Pinch": {
        "action": "MultiSwipe",
        "swipes": [
            {
                "begin": [
                    100,
                    100,
                    0,
                    0
                ],
                "end": [
                    500,
                    300,
                    0,
                    0
                ]
            },
            {
                "begin": [
                    1000,
                    600,
                    0,
                    0
                ],
                "end": [
                    700,
                    400,
                    0,
                    0
                ]
            }]
    },
    "Unpinch": {
        "action": "MultiSwipe",
        "swipes": [
            {
                "begin": [
                    500,
                    300,
                    0,
                    0
                ],
                "end": [
                    100,
                    100,
                    0,
                    0
                ]
            },
            {
                "begin": [
                    700,
                    400,
                    0,
                    0
                ],
                "end": [
                    1000,
                    600,
                    0,
                    0
                ]
            }
        ]
    }
}