{
    "version": "1.0",
    "message": "Welecome to MaaFramework!",
    "agent": {
        "child_exec": "python",
        "child_args": [
            "sample/python/demo3_agent.py"
        ]
    },
    "controller": [
        {
            "name": "安卓端",
            "type": "Adb"
        },
        {
            "name": "桌面端",
            "type": "Win32",
            "win32": {
                "class_regex": ".*",
                "window_regex": "Visual Studio"
            }
        }
    ],
    "resource": [
        {
            "name": "Official",
            "path": [
                "{PROJECT_DIR}/resource"
            ]
        },
        {
            "name": "Bilibili",
            "path": [
                "{PROJECT_DIR}/resource",
                "{PROJECT_DIR}/resource_bilibili"
            ]
        }
    ],
    "task": [
        {
            "name": "收取荒原",
            "entry": "Wilderness"
        },
        {
            "name": "每日心相（意志解析）",
            "entry": "Psychube"
        },
        {
            "name": "常规作战",
            "entry": "Combat",
            "option": [
                "作战关卡",
                "复现次数",
                "刷完全部体力"
            ]
        },
        {
            "name": "活动：绿湖噩梦 17 艰难（活动已结束）",
            "entry": "ANightmareAtGreenLake",
            "option": [
                "复现次数",
                "刷完全部体力"
            ],
            "pipeline_override": {
                "EnterTheShow": {
                    "next": "ANightmareAtGreenLake"
                },
                "TargetStageName": {
                    "expected": "17"
                },
                "StageDifficulty": {
                    "next": "ActivityStageDifficulty"
                }
            }
        },
        {
            "name": "领取奖励",
            "entry": "Awards"
        }
    ],
    "option": {
        "作战关卡": {
            "cases": [
                {
                    "name": "3-9 厄险（百灵百验鸟）",
                    "pipeline_override": {
                        "EnterTheShow": {
                            "next": "MainChapter_3"
                        },
                        "TargetStageName": {
                            "expected": "09"
                        },
                        "StageDifficulty": {
                            "next": "StageDifficulty_Hard"
                        }
                    }
                },
                {
                    "name": "4-20 厄险（双头形骨架）",
                    "pipeline_override": {
                        "EnterTheShow": {
                            "next": "MainChapter_4"
                        },
                        "TargetStageName": {
                            "expected": "20"
                        },
                        "StageDifficulty": {
                            "next": "StageDifficulty_Hard"
                        }
                    }
                }
            ]
        },
        "复现次数": {
            "cases": [
                {
                    "name": "x1",
                    "pipeline_override": {
                        "SetReplaysTimes": {
                            "expected": "1"
                        }
                    }
                },
                {
                    "name": "x2",
                    "pipeline_override": {
                        "SetReplaysTimes": {
                            "expected": "2"
                        }
                    }
                },
                {
                    "name": "x3",
                    "pipeline_override": {
                        "SetReplaysTimes": {
                            "expected": "3"
                        }
                    }
                },
                {
                    "name": "x4",
                    "pipeline_override": {
                        "SetReplaysTimes": {
                            "expected": "4"
                        }
                    }
                }
            ]
        },
        "刷完全部体力": {
            "cases": [
                {
                    "name": "Yes",
                    "pipeline_override": {
                        "AllIn": {
                            "enabled": true
                        }
                    }
                },
                {
                    "name": "No",
                    "pipeline_override": {
                        "AllIn": {
                            "enabled": false
                        }
                    }
                }
            ]
        }
    }
}